{"cameraMode":{"drawMode":0,"name":"Shaded","section":"Shading Mode"},"sceneLighting":false,"audioPlay":false,"sceneViewState":{"m_AlwaysRefresh":false,"showFog":true,"showSkybox":false,"showFlares":true,"showImageEffects":true,"showParticleSystems":true,"showVisualEffectGraphs":true,"m_FxEnabled":true},"in2DMode":false,"pivot":{"x":0.1069742813706398,"y":0.09898979961872101,"z":-0.7095450162887573},"rotation":{"x":-0.24769969284534455,"y":-0.06403088569641113,"z":0.01654161885380745,"w":-0.9668655395507813},"size":0.32055050134658816,"orthographic":false}