{"cameraMode":{"drawMode":0,"name":"Shaded","section":"Shading Mode"},"sceneLighting":false,"audioPlay":false,"sceneViewState":{"m_AlwaysRefresh":false,"showFog":true,"showSkybox":false,"showFlares":true,"showImageEffects":true,"showParticleSystems":true,"showVisualEffectGraphs":true,"m_FxEnabled":true},"in2DMode":false,"pivot":{"x":0.12628963589668275,"y":-0.12748700380325318,"z":-0.31412482261657717},"rotation":{"x":-0.40492841601371767,"y":0.20780766010284425,"z":-0.0944737121462822,"w":-0.885699987411499},"size":0.5523175597190857,"orthographic":false}