{"cameraMode":{"drawMode":0,"name":"Shaded","section":"Shading Mode"},"sceneLighting":false,"audioPlay":false,"sceneViewState":{"m_AlwaysRefresh":false,"showFog":true,"showSkybox":false,"showFlares":true,"showImageEffects":true,"showParticleSystems":true,"showVisualEffectGraphs":true,"m_FxEnabled":true},"in2DMode":false,"pivot":{"x":0.17768621444702149,"y":0.027758106589317323,"z":-0.4708085358142853},"rotation":{"x":-0.16174477338790894,"y":0.3873351514339447,"z":-0.06895910203456879,"w":-0.9053120017051697},"size":0.24584287405014039,"orthographic":false}