{"cameraMode":{"drawMode":0,"name":"Shaded","section":"Shading Mode"},"sceneLighting":false,"audioPlay":false,"sceneViewState":{"m_AlwaysRefresh":false,"showFog":true,"showSkybox":false,"showFlares":true,"showImageEffects":true,"showParticleSystems":true,"showVisualEffectGraphs":true,"m_FxEnabled":true},"in2DMode":false,"pivot":{"x":0.0781356692314148,"y":0.24937084317207337,"z":-0.4659898579120636},"rotation":{"x":-0.15469704568386079,"y":0.5177216529846191,"z":-0.09537678956985474,"w":-0.8363373875617981},"size":0.5446534156799316,"orthographic":false}