{"cameraMode":{"drawMode":0,"name":"Shaded","section":"Shading Mode"},"sceneLighting":false,"audioPlay":false,"sceneViewState":{"m_AlwaysRefresh":false,"showFog":true,"showSkybox":false,"showFlares":true,"showImageEffects":true,"showParticleSystems":true,"showVisualEffectGraphs":true,"m_FxEnabled":true},"in2DMode":false,"pivot":{"x":0.10096102952957154,"y":0.2838730216026306,"z":0.1105690449476242},"rotation":{"x":-0.3478557765483856,"y":-0.5043764114379883,"z":0.2327294796705246,"w":-0.7556260228157044},"size":0.5499622821807861,"orthographic":false}