{"cameraMode":{"drawMode":0,"name":"Shaded","section":"Shading Mode"},"sceneLighting":false,"audioPlay":false,"sceneViewState":{"m_AlwaysRefresh":false,"showFog":true,"showSkybox":false,"showFlares":true,"showImageEffects":true,"showParticleSystems":true,"showVisualEffectGraphs":true,"m_FxEnabled":true},"in2DMode":false,"pivot":{"x":0.22238919138908387,"y":0.15248146653175355,"z":-0.46078282594680788},"rotation":{"x":-0.20815004408359528,"y":0.5599206686019898,"z":-0.14718163013458253,"w":-0.7886953949928284},"size":0.5644056797027588,"orthographic":false}