{"cameraMode":{"drawMode":0,"name":"Shaded","section":"Shading Mode"},"sceneLighting":false,"audioPlay":false,"sceneViewState":{"m_AlwaysRefresh":false,"showFog":true,"showSkybox":false,"showFlares":true,"showImageEffects":true,"showParticleSystems":true,"showVisualEffectGraphs":true,"m_FxEnabled":true},"in2DMode":false,"pivot":{"x":-0.08694744110107422,"y":0.0969182550907135,"z":-0.43349581956863406},"rotation":{"x":-0.18362940847873689,"y":-0.2611575722694397,"z":0.05100482329726219,"w":-0.9465744495391846},"size":0.6231657862663269,"orthographic":false}